3;1;0.0009989738464355469

3;2;2.9736850261688232

3;3;0.0060846805572509766

3;4;0.006979465484619141

3;5;0.004000425338745117

3;6;0.005095243453979492

3;7;0.005997419357299805

3;8;0.006000518798828125

3;9;0.007023334503173828

3;10;0.007977724075317383

3;11;0.008032083511352539

3;12;0.009086132049560547

3;13;0.010982513427734375

3;14;0.011040449142456055

3;15;0.01209115982055664

3;16;0.013999700546264648

3;17;0.015088081359863281

3;18;0.014032363891601562

3;19;0.01598191261291504

3;20;0.017000436782836914

3;21;0.018111467361450195

3;22;0.025344133377075195

3;23;0.02705693244934082

3;24;0.026382923126220703

3;25;0.032099246978759766

3;26;0.028052806854248047

3;27;0.02513265609741211

3;28;0.027077913284301758

3;29;0.03598499298095703

3;30;0.03920125961303711

3;31;0.043100595474243164

3;32;0.03299880027770996

3;33;0.03540968894958496

3;34;0.033145904541015625

3;35;0.04207658767700195

3;36;0.04621315002441406

3;37;0.043093204498291016

3;38;0.041053056716918945

3;39;0.041098833084106445

3;40;0.04897642135620117

3;41;0.06299757957458496

3;42;0.052584171295166016

3;43;0.044069766998291016

3;44;0.04898357391357422

3;45;0.0647592544555664

3;46;0.0571444034576416

3;47;0.052214622497558594

3;48;0.06208086013793945

3;49;0.06998348236083984

3;50;0.059015750885009766

3;55;0.06586861610412598

3;60;0.09610247611999512

3;65;0.0772855281829834

3;70;0.07797002792358398

3;75;0.09871482849121094

3;80;0.12009048461914062

3;85;0.11330032348632812

3;90;0.13758349418640137

3;95;0.16205334663391113

3;100;0.1486954689025879

4;1;0.0

4;2;0.0019791126251220703

4;3;0.001973390579223633

4;4;0.0050013065338134766

4;5;0.0040018558502197266

4;6;0.003981351852416992

4;7;0.0070536136627197266

4;8;0.005980014801025391

4;9;0.0070002079010009766

4;10;0.007982015609741211

4;11;0.010001182556152344

4;12;0.01000070571899414

4;13;0.012292861938476562

4;14;0.013065338134765625

4;15;0.014998197555541992

4;16;0.016100168228149414

4;17;0.019007205963134766

4;18;0.01903057098388672

4;19;0.017122507095336914

4;20;0.0189821720123291

4;21;0.018999814987182617

4;22;0.02104973793029785

4;23;0.027002811431884766

4;24;0.029222488403320312

4;25;0.030128955841064453

4;26;0.0319974422454834

4;27;0.025993824005126953

4;28;0.02639913558959961

4;29;0.02807331085205078

4;30;0.0335383415222168

4;31;0.04012465476989746

4;32;0.036017656326293945

4;33;0.039910316467285156

4;34;0.0330052375793457

4;35;0.0350031852722168

4;36;0.04400634765625

4;37;0.04247260093688965

4;38;0.047078847885131836

4;39;0.04028916358947754

4;40;0.042086124420166016

4;41;0.05000042915344238

4;42;0.05800342559814453

4;43;0.05299711227416992

4;44;0.04813385009765625

4;45;0.05206036567687988

4;46;0.06300044059753418

4;47;0.058988094329833984

4;48;0.054764509201049805

4;49;0.06709003448486328

4;50;0.07392668724060059

4;55;0.06659722328186035

4;60;0.07600164413452148

4;65;0.11299824714660645

4;70;0.09420132637023926

4;75;0.12647151947021484

4;80;0.12900328636169434

4;85;0.13778352737426758

4;90;0.1637716293334961

4;95;0.1522064208984375

4;100;0.18708109855651855

5;1;0.0020036697387695312

5;2;0.00399017333984375

5;3;0.00407719612121582

5;4;0.003998279571533203

5;5;0.00400090217590332

5;6;0.004972934722900391

5;7;0.004982709884643555

5;8;0.008987665176391602

5;9;0.006986379623413086

5;10;0.007989645004272461

5;11;0.009057760238647461

5;12;0.01006627082824707

5;13;0.009980916976928711

5;14;0.011974811553955078

5;15;0.013000249862670898

5;16;0.013003349304199219

5;17;0.01512289047241211

5;18;0.015000104904174805

5;19;0.014976739883422852

5;20;0.016997098922729492

5;21;0.01698446273803711

5;22;0.022310495376586914

5;23;0.02806377410888672

5;24;0.026984691619873047

5;25;0.027027368545532227

5;26;0.023975610733032227

5;27;0.02499675750732422

5;28;0.027251005172729492

5;29;0.03300595283508301

5;30;0.03710126876831055

5;31;0.03908491134643555

5;32;0.034998178482055664

5;33;0.034981727600097656

5;34;0.03429055213928223

5;35;0.041983842849731445

5;36;0.04539299011230469

5;37;0.04883861541748047

5;38;0.04206442832946777

5;39;0.04411673545837402

5;40;0.054060935974121094

5;41;0.057796478271484375

5;42;0.049480438232421875

5;43;0.0484013557434082

5;44;0.05201315879821777

5;45;0.06202816963195801

5;46;0.05809307098388672

5;47;0.05347108840942383

5;48;0.06459259986877441

5;49;0.07114648818969727

5;50;0.06100344657897949

5;55;0.06665968894958496

5;60;0.09897899627685547

5;65;0.08876848220825195

5;70;0.12199616432189941

5;75;0.10700249671936035

5;80;0.12103962898254395

5;85;0.14649748802185059

5;90;0.16340351104736328

5;95;0.15723633766174316

5;100;0.20666766166687012

6;1;0.00906515121459961

6;2;0.0059812068939208984

6;3;0.0060002803802490234

6;4;0.0070760250091552734

6;5;0.007074832916259766

6;6;0.0070018768310546875

6;7;0.011008262634277344

6;8;0.012143850326538086

6;9;0.009090423583984375

6;10;0.010016441345214844

6;11;0.009001970291137695

6;12;0.010123491287231445

6;13;0.011068582534790039

6;14;0.012999534606933594

6;15;0.013976812362670898

6;16;0.01399993896484375

6;17;0.015119552612304688

6;18;0.018082857131958008

6;19;0.02011418342590332

6;20;0.024100542068481445

6;21;0.024025917053222656

6;22;0.027574539184570312

6;23;0.026062726974487305

6;24;0.02416825294494629

6;25;0.02507638931274414

6;26;0.023998737335205078

6;27;0.03497433662414551

6;28;0.03499960899353027

6;29;0.03803515434265137

6;30;0.030244112014770508

6;31;0.031102895736694336

6;32;0.0341031551361084

6;33;0.036084890365600586

6;34;0.04500222206115723

6;35;0.05176806449890137

6;36;0.041068315505981445

6;37;0.039975643157958984

6;38;0.05053257942199707

6;39;0.05666041374206543

6;40;0.057169437408447266

6;41;0.04754304885864258

6;42;0.05712127685546875

6;43;0.05795001983642578

6;44;0.05608677864074707

6;45;0.052999258041381836

6;46;0.06302714347839355

6;47;0.08105206489562988

6;48;0.06924128532409668

6;49;0.06139993667602539

6;50;0.07309865951538086

6;55;0.07599520683288574

6;60;0.09243202209472656

6;65;0.13019752502441406

6;70;0.11610794067382812

6;75;0.11817312240600586

6;80;0.13104009628295898

6;85;0.14999985694885254

6;90;0.1660008430480957

6;95;0.16051101684570312

6;100;0.19808125495910645

7;1;0.028176307678222656

7;2;0.01898670196533203

7;3;0.014137506484985352

7;4;0.012799978256225586

7;5;0.017011404037475586

7;6;0.01711750030517578

7;7;0.016067981719970703

7;8;0.017926692962646484

7;9;0.01800060272216797

7;10;0.020000219345092773

7;11;0.01799941062927246

7;12;0.021094322204589844

7;13;0.02410292625427246

7;14;0.025999784469604492

7;15;0.027494192123413086

7;16;0.026163578033447266

7;17;0.024088621139526367

7;18;0.027262210845947266

7;19;0.026096343994140625

7;20;0.023000001907348633

7;21;0.028980493545532227

7;22;0.028395652770996094

7;23;0.03312945365905762

7;24;0.030125856399536133

7;25;0.030999183654785156

7;26;0.03197669982910156

7;27;0.034598588943481445

7;28;0.041094064712524414

7;29;0.043998003005981445

7;30;0.04228496551513672

7;31;0.03811287879943848

7;32;0.04000139236450195

7;33;0.05144095420837402

7;34;0.05000638961791992

7;35;0.047445058822631836

7;36;0.0433802604675293

7;37;0.05804133415222168

7;38;0.05987262725830078

7;39;0.053025245666503906

7;40;0.05277562141418457

7;41;0.06402134895324707

7;42;0.06639480590820312

7;43;0.05910754203796387

7;44;0.05508899688720703

7;45;0.07808732986450195

7;46;0.06799626350402832

7;47;0.05673980712890625

7;48;0.06888318061828613

7;49;0.08491039276123047

7;50;0.07410550117492676

7;55;0.07598257064819336

7;60;0.0921783447265625

7;65;0.12145233154296875

7;70;0.13143372535705566

7;75;0.14511990547180176

7;80;0.15552592277526855

7;85;0.14722919464111328

7;90;0.18608999252319336

7;95;0.16401910781860352

7;100;0.2067577838897705

8;1;0.12057375907897949

8;2;0.0642552375793457

8;3;0.07401371002197266

8;4;0.053002357482910156

8;5;0.05367708206176758

8;6;0.050139427185058594

8;7;0.043408870697021484

8;8;0.07200050354003906

8;9;0.07399868965148926

8;10;0.06441354751586914

8;11;0.056073904037475586

8;12;0.05825495719909668

8;13;0.054264068603515625

8;14;0.05197453498840332

8;15;0.06232118606567383

8;16;0.05610847473144531

8;17;0.05497145652770996

8;18;0.05526876449584961

8;19;0.0637197494506836

8;20;0.05861210823059082

8;21;0.051998138427734375

8;22;0.060523033142089844

8;23;0.06941390037536621

8;24;0.057436466217041016

8;25;0.06410670280456543

8;26;0.0639798641204834

8;27;0.06600260734558105

8;28;0.05698132514953613

8;29;0.059278011322021484

8;30;0.06508874893188477

8;31;0.06977128982543945

8;32;0.061251163482666016

8;33;0.06359577178955078

8;34;0.06912708282470703

8;35;0.06998634338378906

8;36;0.06404972076416016

8;37;0.06664586067199707

8;38;0.07507467269897461

8;39;0.07599830627441406

8;40;0.07447052001953125

8;41;0.07107901573181152

8;42;0.08700823783874512

8;43;0.0729987621307373

8;44;0.07898259162902832

8;45;0.08747291564941406

8;46;0.08949971199035645

8;47;0.09971833229064941

8;48;0.0914466381072998

8;49;0.09112977981567383

8;50;0.10058808326721191

8;55;0.10115718841552734

8;60;0.10761570930480957

8;65;0.14546513557434082

8;70;0.15701556205749512

8;75;0.155440092086792

8;80;0.19208264350891113

8;85;0.16465067863464355

8;90;0.19405174255371094

8;95;0.16442632675170898

8;100;0.21600580215454102

9;1;0.4778327941894531

9;2;0.26447558403015137

9;3;0.20107150077819824

9;4;0.21749448776245117

9;5;0.18310976028442383

9;6;0.19187641143798828

9;7;0.16904997825622559

9;8;0.21522307395935059

9;9;0.252941370010376

9;10;0.23714232444763184

9;11;0.24427556991577148

9;12;0.2605705261230469

9;13;0.23308658599853516

9;14;0.24223637580871582

9;15;0.23611783981323242

9;16;0.23676848411560059

9;17;0.2556424140930176

9;18;0.24781131744384766

9;19;0.24610328674316406

9;20;0.24452710151672363

9;21;0.23754572868347168

9;22;0.260936975479126

9;23;0.24602770805358887

9;24;0.2423698902130127

9;25;0.25611138343811035

9;26;0.25189781188964844

9;27;0.2514934539794922

9;28;0.24520063400268555

9;29;0.2360982894897461

9;30;0.24394655227661133

9;31;0.2435600757598877

9;32;0.25258827209472656

9;33;0.2560741901397705

9;34;0.28342580795288086

9;35;0.24947237968444824

9;36;0.24176311492919922

9;37;0.24818658828735352

9;38;0.249406099319458

9;39;0.2496647834777832

9;40;0.26650047302246094

9;41;0.2584965229034424

9;42;0.25748729705810547

9;43;0.2601170539855957

9;44;0.2672302722930908

9;45;0.2609291076660156

9;46;0.25176572799682617

9;47;0.269106388092041

9;48;0.262667179107666

9;49;0.26692986488342285

9;50;0.2669355869293213

9;55;0.2721083164215088

9;60;0.2689230442047119

9;65;0.2721982002258301

9;70;0.3206465244293213

9;75;0.2937502861022949

9;80;0.29193711280822754

9;85;0.3043994903564453

9;90;0.323336124420166

9;95;0.3288867473602295

9;100;0.3431131839752197

10;1;1.9835436344146729

10;2;1.166473150253296

10;3;1.0891377925872803

10;4;0.852224588394165

10;5;0.8119292259216309

10;6;0.9054365158081055

10;7;0.8381931781768799

10;8;0.8739149570465088

10;9;1.0238428115844727

10;10;0.9228241443634033

10;11;0.9761967658996582

10;12;0.8479471206665039

10;13;0.9024171829223633

10;14;0.8230788707733154

10;15;0.842231273651123

10;16;0.8655502796173096

10;17;0.9567885398864746

10;18;0.8887901306152344

10;19;0.9192914962768555

10;20;0.9271230697631836

10;21;0.8968567848205566

10;22;0.8553135395050049

10;23;0.8625783920288086

10;24;0.8796567916870117

10;25;0.9216771125793457

10;26;0.8846879005432129

10;27;0.8805391788482666

10;28;0.8651604652404785

10;29;0.9001138210296631

10;30;0.8468101024627686

10;31;0.9181640148162842

10;32;0.8702266216278076

10;33;0.9462070465087891

10;34;0.8683328628540039

10;35;0.908815860748291

10;36;0.8498337268829346

10;37;0.9032742977142334

10;38;0.8676052093505859

10;39;0.8481960296630859

10;40;0.9170913696289062

10;41;0.9147515296936035

10;42;0.9581120014190674

10;43;0.8714141845703125

10;44;0.8897545337677002

10;45;0.865818977355957

10;46;0.8758175373077393

10;47;0.8828108310699463

10;48;0.9374895095825195

10;49;0.8786981105804443

10;50;0.9066576957702637

10;55;0.8852016925811768

10;60;0.9294474124908447

10;65;0.9171168804168701

10;70;0.8763256072998047

10;75;0.9281044006347656

10;80;0.9154753684997559

10;85;0.9870297908782959

10;90;1.113154411315918

10;95;1.083263635635376

10;100;1.024801254272461

11;1;8.178261518478394

11;2;4.681824684143066

11;3;3.906924247741699

11;4;3.7223823070526123

11;5;3.922722101211548

11;6;3.4521324634552

11;7;3.4811370372772217

11;8;3.6663708686828613

11;9;4.256616115570068

11;10;3.8891589641571045

11;11;3.885321855545044

11;12;3.5774312019348145

11;13;3.4923596382141113

11;14;3.474108934402466

11;15;3.5006840229034424

11;16;3.5082037448883057

11;17;3.873292922973633

11;18;4.402723550796509

11;19;3.9795496463775635

11;20;3.7508654594421387

11;21;3.6732351779937744

11;22;3.4670498371124268

11;23;3.581531286239624

11;24;3.7959094047546387

11;25;3.955716609954834

11;26;3.8729610443115234

11;27;4.571462392807007

11;28;3.6291584968566895

11;29;4.329594373703003

11;30;3.7195820808410645

11;31;4.001184940338135

11;32;3.774207353591919

11;33;4.814082384109497

11;34;4.157463550567627

11;35;3.8296735286712646

11;36;3.8602006435394287

11;37;3.814418315887451

11;38;4.627497673034668

11;39;3.561577320098877

11;40;3.6432831287384033

11;41;3.8286373615264893

11;42;3.658357858657837

11;43;3.5959150791168213

11;44;3.5885095596313477

11;45;3.6812047958374023

11;46;3.6766562461853027

11;47;3.561277151107788

11;48;3.6038358211517334

11;49;3.767084836959839

11;50;3.5997016429901123

11;55;3.622826337814331

11;60;3.8125221729278564

11;65;3.668677568435669

11;70;3.6049575805664062

11;75;3.6479320526123047

11;80;3.6031079292297363

11;85;3.8574280738830566

11;90;3.788395404815674

11;95;3.6600499153137207

11;100;3.70564866065979

12;1;34.85028958320618

12;2;20.486048221588135

12;3;17.281424045562744

12;4;15.440570831298828

12;5;15.29909372329712

12;6;15.077438592910767

12;7;14.725234270095825

12;8;15.210433959960938

12;9;18.173330068588257

12;10;16.324825286865234

12;11;16.074728965759277

12;12;15.678467035293579

12;13;15.525749206542969

12;14;15.32927393913269

12;15;15.378075122833252

12;16;16.003000736236572

12;17;16.77502202987671

12;18;16.476619958877563

12;19;16.255300998687744

12;20;15.956331014633179

12;21;15.71742033958435

12;22;15.839571237564087

12;23;15.779194593429565

12;24;16.003756046295166

12;25;16.704257011413574

12;26;16.41394352912903

12;27;16.25975251197815

12;28;16.081389904022217

12;29;16.13308072090149

12;30;16.224952459335327

12;31;16.202635526657104

12;32;16.270153284072876

12;33;16.95910334587097

12;34;16.911927223205566

12;35;16.650862455368042

12;36;16.547590732574463

12;37;16.461929082870483

12;38;16.834416389465332

12;39;16.433699131011963

12;40;16.7299861907959

12;41;17.33832049369812

12;42;17.000959873199463

12;43;16.889113664627075

12;44;17.066436290740967

12;45;16.691385507583618

12;46;16.450708150863647

12;47;16.34674572944641

12;48;16.23635220527649

12;49;16.6210994720459

12;50;16.30577778816223

12;55;16.152055740356445

12;60;16.2224600315094

12;65;16.47773814201355

12;70;16.08575463294983

12;75;16.32652497291565

12;80;16.775389194488525

12;85;16.29986548423767

12;90;16.55671763420105

12;95;16.682005405426025

12;100;16.654403924942017

3;1;0.0009918212890625

3;2;0.003092527389526367

3;3;0.003998279571533203

3;4;0.004000186920166016

3;5;0.0050013065338134766

3;6;0.005995035171508789

3;7;0.005999565124511719

3;8;0.007000923156738281

3;9;0.00802469253540039

3;10;0.008984804153442383

3;11;0.010242462158203125

3;12;0.011041879653930664

3;13;0.012092351913452148

3;14;0.013002872467041016

3;15;0.015111684799194336

3;16;0.014979839324951172

3;17;0.015979528427124023

3;18;0.01797771453857422

3;19;0.018976926803588867

3;20;0.02398824691772461

3;21;0.03598833084106445

3;22;0.03002166748046875

3;23;0.030236482620239258

3;24;0.03213834762573242

3;25;0.03109884262084961

3;26;0.028981685638427734

3;27;0.036504507064819336

3;28;0.038362741470336914

3;29;0.03806352615356445

3;30;0.046326398849487305

3;31;0.04598188400268555

3;32;0.04713916778564453

3;33;0.05616879463195801

3;34;0.050913095474243164

3;35;0.04855704307556152

3;36;0.0481109619140625

3;37;0.06394720077514648

3;38;0.05917048454284668

3;39;0.050023555755615234

3;40;0.053980350494384766

3;41;0.05783581733703613

3;42;0.06006908416748047

3;43;0.054999589920043945

3;44;0.06000947952270508

3;45;0.0716853141784668

3;46;0.06509995460510254

3;47;0.06276082992553711

3;48;0.08614706993103027

3;49;0.07393598556518555

3;50;0.07335948944091797

3;55;0.0961143970489502

3;60;0.12447476387023926

3;65;0.09502768516540527

3;70;0.11771345138549805

3;75;0.10808563232421875

3;80;0.13727259635925293

3;85;0.1442708969116211

3;90;0.1553962230682373

3;95;0.19199919700622559

3;100;0.17325067520141602

4;1;0.0

4;2;0.0030660629272460938

4;3;0.004027128219604492

4;4;0.003998279571533203

4;5;0.004998683929443359

4;6;0.004999876022338867

4;7;0.007001399993896484

4;8;0.01199793815612793

4;9;0.009004592895507812

4;10;0.015000581741333008

4;11;0.014004230499267578

4;12;0.013998270034790039

4;13;0.016002655029296875

4;14;0.017164230346679688

4;15;0.015078067779541016

4;16;0.016106605529785156

4;17;0.01711416244506836

4;18;0.017011404037475586

4;19;0.01906418800354004

4;20;0.023123502731323242

4;21;0.02745676040649414

4;22;0.031147480010986328

4;23;0.03207516670227051

4;24;0.027330398559570312

4;25;0.02915477752685547

4;26;0.029242515563964844

4;27;0.03334808349609375

4;28;0.03609490394592285

4;29;0.04377436637878418

4;30;0.03809213638305664

4;31;0.03999900817871094

4;32;0.036983489990234375

4;33;0.049759864807128906

4;34;0.05009055137634277

4;35;0.050142526626586914

4;36;0.04708743095397949

4;37;0.04998373985290527

4;38;0.05841350555419922

4;39;0.057059288024902344

4;40;0.051905155181884766

4;41;0.06191229820251465

4;42;0.07143783569335938

4;43;0.06087470054626465

4;44;0.06112360954284668

4;45;0.07285404205322266

4;46;0.07107830047607422

4;47;0.06899905204772949

4;48;0.07107114791870117

4;49;0.08507037162780762

4;50;0.07574176788330078

4;55;0.09207344055175781

4;60;0.10049128532409668

4;65;0.10350418090820312

4;70;0.14304494857788086

4;75;0.1290750503540039

4;80;0.15278840065002441

4;85;0.15471172332763672

4;90;0.1927931308746338

4;95;0.1811060905456543

4;100;0.21253538131713867

5;1;0.003121614456176758

5;2;0.0030019283294677734

5;3;0.004002809524536133

5;4;0.006056547164916992

5;5;0.0060803890228271484

5;6;0.0060002803802490234

5;7;0.006002187728881836

5;8;0.00806117057800293

5;9;0.008102178573608398

5;10;0.009978532791137695

5;11;0.011219978332519531

5;12;0.011106014251708984

5;13;0.011982440948486328

5;14;0.014005661010742188

5;15;0.016138315200805664

5;16;0.016035079956054688

5;17;0.016000986099243164

5;18;0.017975807189941406

5;19;0.02017045021057129

5;20;0.02410125732421875

5;21;0.02799391746520996

5;22;0.031012535095214844

5;23;0.029225826263427734

5;24;0.031105995178222656

5;25;0.028026103973388672

5;26;0.03298306465148926

5;27;0.0390012264251709

5;28;0.04010939598083496

5;29;0.03702402114868164

5;30;0.04003620147705078

5;31;0.03914523124694824

5;32;0.04264426231384277

5;33;0.052111148834228516

5;34;0.047353506088256836

5;35;0.04458022117614746

5;36;0.05208587646484375

5;37;0.057997703552246094

5;38;0.05338287353515625

5;39;0.052083492279052734

5;40;0.056000709533691406

5;41;0.06699752807617188

5;42;0.058997154235839844

5;43;0.062035322189331055

5;44;0.07710742950439453

5;45;0.07501554489135742

5;46;0.06598258018493652

5;47;0.07251405715942383

5;48;0.08817934989929199

5;49;0.0736088752746582

5;50;0.0804758071899414

5;55;0.09995174407958984

5;60;0.09906172752380371

5;65;0.12331128120422363

5;70;0.1310570240020752

5;75;0.14499711990356445

5;80;0.16827392578125

5;85;0.1539909839630127

5;90;0.1926109790802002

5;95;0.18198108673095703

5;100;0.23838043212890625

6;1;0.009188413619995117

6;2;0.00791621208190918

6;3;0.0059146881103515625

6;4;0.009125947952270508

6;5;0.009085655212402344

6;6;0.007999420166015625

6;7;0.00897359848022461

6;8;0.011001348495483398

6;9;0.012000799179077148

6;10;0.011999845504760742

6;11;0.012998580932617188

6;12;0.013157367706298828

6;13;0.012958288192749023

6;14;0.014917135238647461

6;15;0.018330097198486328

6;16;0.01815342903137207

6;17;0.021091699600219727

6;18;0.022000789642333984

6;19;0.025022268295288086

6;20;0.02845597267150879

6;21;0.026326894760131836

6;22;0.02302718162536621

6;23;0.03098154067993164

6;24;0.03305506706237793

6;25;0.03710031509399414

6;26;0.03699851036071777

6;27;0.0427098274230957

6;28;0.03509521484375

6;29;0.037053585052490234

6;30;0.03634762763977051

6;31;0.04408979415893555

6;32;0.04603004455566406

6;33;0.047087907791137695

6;34;0.04210519790649414

6;35;0.04337286949157715

6;36;0.04760146141052246

6;37;0.05907297134399414

6;38;0.05353116989135742

6;39;0.05135464668273926

6;40;0.05521678924560547

6;41;0.07509517669677734

6;42;0.06520295143127441

6;43;0.06110048294067383

6;44;0.07692337036132812

6;45;0.07104635238647461

6;46;0.07008600234985352

6;47;0.08403825759887695

6;48;0.0716860294342041

6;49;0.07789111137390137

6;50;0.08607029914855957

6;55;0.08928442001342773

6;60;0.11707592010498047

6;65;0.11469793319702148

6;70;0.132704496383667

6;75;0.14610505104064941

6;80;0.17800331115722656

6;85;0.16009974479675293

6;90;0.1996912956237793

6;95;0.18700361251831055

6;100;0.2304065227508545

7;1;0.0350186824798584

7;2;0.021003007888793945

7;3;0.016013622283935547

7;4;0.01999497413635254

7;5;0.019011259078979492

7;6;0.01654195785522461

7;7;0.01624917984008789

7;8;0.016930818557739258

7;9;0.02099323272705078

7;10;0.021488189697265625

7;11;0.026198148727416992

7;12;0.026000022888183594

7;13;0.025000572204589844

7;14;0.0279543399810791

7;15;0.02498483657836914

7;16;0.026981830596923828

7;17;0.02602362632751465

7;18;0.03597664833068848

7;19;0.039999961853027344

7;20;0.04188704490661621

7;21;0.03710532188415527

7;22;0.03524518013000488

7;23;0.03607892990112305

7;24;0.04347491264343262

7;25;0.044092416763305664

7;26;0.04967975616455078

7;27;0.04441380500793457

7;28;0.045026540756225586

7;29;0.05099987983703613

7;30;0.05390334129333496

7;31;0.053020477294921875

7;32;0.05042576789855957

7;33;0.05497908592224121

7;34;0.06499981880187988

7;35;0.05925559997558594

7;36;0.05858731269836426

7;37;0.0691530704498291

7;38;0.07199954986572266

7;39;0.06599903106689453

7;40;0.06885051727294922

7;41;0.08193254470825195

7;42;0.07013416290283203

7;43;0.08398723602294922

7;44;0.08522439002990723

7;45;0.07471346855163574

7;46;0.08700275421142578

7;47;0.08717226982116699

7;48;0.07999992370605469

7;49;0.0920569896697998

7;50;0.09134697914123535

7;55;0.09497427940368652

7;60;0.12708401679992676

7;65;0.11802029609680176

7;70;0.13960957527160645

7;75;0.15804791450500488

7;80;0.17767834663391113

7;85;0.17754483222961426

7;90;0.22050142288208008

7;95;0.20664548873901367

7;100;0.22806596755981445

8;1;0.14508581161499023

8;2;0.08943819999694824

8;3;0.07919597625732422

8;4;0.06491899490356445

8;5;0.0666055679321289

8;6;0.05909442901611328

8;7;0.060011863708496094

8;8;0.06044411659240723

8;9;0.07209897041320801

8;10;0.07198143005371094

8;11;0.0839393138885498

8;12;0.0704042911529541

8;13;0.0694875717163086

8;14;0.07283973693847656

8;15;0.06611895561218262

8;16;0.08437490463256836

8;17;0.07816171646118164

8;18;0.08698034286499023

8;19;0.0850214958190918

8;20;0.0749812126159668

8;21;0.07606315612792969

8;22;0.08702540397644043

8;23;0.08283710479736328

8;24;0.08410429954528809

8;25;0.08640480041503906

8;26;0.08104753494262695

8;27;0.11072063446044922

8;28;0.08513379096984863

8;29;0.08098268508911133

8;30;0.09299921989440918

8;31;0.09034228324890137

8;32;0.09112906455993652

8;33;0.09746074676513672

8;34;0.09013080596923828

8;35;0.08629369735717773

8;36;0.0971381664276123

8;37;0.09501075744628906

8;38;0.09813404083251953

8;39;0.10298562049865723

8;40;0.0987238883972168

8;41;0.09899616241455078

8;42;0.11212396621704102

8;43;0.10246896743774414

8;44;0.11768913269042969

8;45;0.10805916786193848

8;46;0.11999344825744629

8;47;0.11400699615478516

8;48;0.12311530113220215

8;49;0.11898469924926758

8;50;0.12523484230041504

8;55;0.13987445831298828

8;60;0.14913105964660645

8;65;0.16759848594665527

8;70;0.1611177921295166

8;75;0.19521474838256836

8;80;0.19203972816467285

8;85;0.22678065299987793

8;90;0.21580004692077637

8;95;0.24326395988464355

8;100;0.2671048641204834

9;1;0.5869226455688477

9;2;0.30830883979797363

9;3;0.2770051956176758

9;4;0.22473573684692383

9;5;0.2410745620727539

9;6;0.24742412567138672

9;7;0.2323777675628662

9;8;0.25311708450317383

9;9;0.30599236488342285

9;10;0.28092074394226074

9;11;0.26869916915893555

9;12;0.2571251392364502

9;13;0.25635480880737305

9;14;0.24718260765075684

9;15;0.2680051326751709

9;16;0.26580023765563965

9;17;0.28678393363952637

9;18;0.2772541046142578

9;19;0.2639195919036865

9;20;0.27867937088012695

9;21;0.2641313076019287

9;22;0.260495662689209

9;23;0.26341772079467773

9;24;0.2616262435913086

9;25;0.28557348251342773

9;26;0.2740516662597656

9;27;0.27397608757019043

9;28;0.26346445083618164

9;29;0.27689456939697266

9;30;0.2681286334991455

9;31;0.2741258144378662

9;32;0.28804540634155273

9;33;0.28551220893859863

9;34;0.2876124382019043

9;35;0.26977086067199707

9;36;0.28630685806274414

9;37;0.2756378650665283

9;38;0.27902865409851074

9;39;0.30240774154663086

9;40;0.27909207344055176

9;41;0.27712202072143555

9;42;0.28339147567749023

9;43;0.29199695587158203

9;44;0.2957136631011963

9;45;0.28710389137268066

9;46;0.28622889518737793

9;47;0.29840588569641113

9;48;0.30412983894348145

9;49;0.299121618270874

9;50;0.30603957176208496

9;55;0.29854774475097656

9;60;0.3321042060852051

9;65;0.3251645565032959

9;70;0.31241941452026367

9;75;0.32768988609313965

9;80;0.3393433094024658

9;85;0.34119272232055664

9;90;0.3554818630218506

9;95;0.385143518447876

9;100;0.3837606906890869

10;1;2.1683030128479004

10;2;1.2615742683410645

10;3;1.0836155414581299

10;4;0.9814677238464355

10;5;0.8899219036102295

10;6;1.0209503173828125

10;7;0.9326298236846924

10;8;0.9897983074188232

10;9;1.1314663887023926

10;10;1.037867546081543

10;11;0.9917585849761963

10;12;1.0042486190795898

10;13;0.9451119899749756

10;14;0.9662075042724609

10;15;0.9867427349090576

10;16;0.9872355461120605

10;17;1.100874662399292

10;18;1.007185935974121

10;19;1.0267162322998047

10;20;1.0173182487487793

10;21;0.9299097061157227

10;22;0.9856293201446533

10;23;1.1189630031585693

10;24;1.1254427433013916

10;25;1.1429896354675293

10;26;0.9992005825042725

10;27;1.0083329677581787

10;28;0.9493458271026611

10;29;0.9835898876190186

10;30;1.0379304885864258

10;31;0.9838337898254395

10;32;1.1243202686309814

10;33;1.0030043125152588

10;34;1.0429646968841553

10;35;1.029320240020752

10;36;1.049168348312378

10;37;0.9860098361968994

10;38;1.0066158771514893

10;39;1.0334692001342773

10;40;1.0227973461151123

10;41;1.0341367721557617

10;42;1.0152406692504883

10;43;1.0203979015350342

10;44;1.0127267837524414

10;45;1.0696628093719482

10;46;1.0121350288391113

10;47;1.0710670948028564

10;48;1.0700068473815918

10;49;1.0407075881958008

10;50;1.026432991027832

10;55;1.0163414478302002

10;60;1.0387053489685059

10;65;1.0645229816436768

10;70;1.094726800918579

10;75;1.0391366481781006

10;80;1.1306791305541992

10;85;1.0629472732543945

10;90;1.0911896228790283

10;95;1.0555388927459717

10;100;1.1319665908813477

11;1;8.728431701660156

11;2;5.419433116912842

11;3;4.5644190311431885

11;4;4.18447208404541

11;5;3.9175987243652344

11;6;3.9208571910858154

11;7;3.9307873249053955

11;8;4.009378910064697

11;9;4.713230848312378

11;10;4.215373516082764

11;11;4.1708691120147705

11;12;4.063842535018921

11;13;3.9031219482421875

11;14;3.904116153717041

11;15;3.9340269565582275

11;16;3.965088129043579

11;17;4.300780773162842

11;18;4.0755579471588135

11;19;4.0318357944488525

11;20;3.9770395755767822

11;21;3.9847469329833984

11;22;3.905458688735962

11;23;3.9752109050750732

11;24;3.947274684906006

11;25;4.171664714813232

11;26;4.058891773223877

11;27;4.003182649612427

11;28;3.9394869804382324

11;29;3.9387662410736084

11;30;3.9610719680786133

11;31;3.9672224521636963

11;32;4.044585466384888

11;33;4.17982292175293

11;34;4.044773101806641

11;35;3.995145559310913

11;36;4.028006553649902

11;37;4.004352569580078

11;38;3.9597842693328857

11;39;4.05218243598938

11;40;3.9795682430267334

11;41;4.243664503097534

11;42;4.076826810836792

11;43;4.03045392036438

11;44;4.061426639556885

11;45;4.019627571105957

11;46;3.981330394744873

11;47;4.072604417800903

11;48;4.053489923477173

11;49;4.318902492523193

11;50;4.057744264602661

11;55;3.9799675941467285

11;60;4.180067539215088

11;65;4.178085565567017

11;70;4.046849966049194

11;75;4.026999235153198

11;80;4.0428526401519775

11;85;4.137834072113037

11;90;4.074008464813232

11;95;4.07038688659668

11;100;4.069660186767578

12;1;34.57010006904602

12;2;22.24814796447754

12;3;18.826366662979126

12;4;16.972628831863403

12;5;16.271950244903564

12;6;16.007732391357422

12;7;15.924691200256348

12;8;16.39220952987671

12;9;18.70081901550293

12;10;17.696157932281494

12;11;16.923179388046265

12;12;16.318717002868652

12;13;15.972581624984741

12;14;15.959158420562744

12;15;15.91643238067627

12;16;16.10874056816101

12;17;17.373859882354736

12;18;16.51853656768799

12;19;16.162043571472168

12;20;16.06850242614746

12;21;15.89700174331665

12;22;15.90232539176941

12;23;15.920794010162354

12;24;16.176392078399658

12;25;16.900419235229492

12;26;16.41866970062256

12;27;16.404738664627075

12;28;16.314783811569214

12;29;16.197779655456543

12;30;16.27469038963318

12;31;16.311068534851074

12;32;16.484023571014404

12;33;17.06475853919983

12;34;16.956031322479248

12;35;16.98831343650818

12;36;16.87960433959961

12;37;16.5145845413208

12;38;16.28567600250244

12;39;16.239030599594116

12;40;16.42937970161438

12;41;16.661104679107666

12;42;16.55172562599182

12;43;16.514608144760132

12;44;16.399060487747192

12;45;16.40569519996643

12;46;16.330846309661865

12;47;16.33395266532898

12;48;16.638119220733643

12;49;17.33070969581604

12;50;16.781940698623657

12;55;16.66289758682251

12;60;17.03611660003662

12;65;16.97927951812744

12;70;16.73871397972107

12;75;16.389832019805908

12;80;16.29307460784912

12;85;16.588555097579956

12;90;16.648324728012085

12;95;16.806321620941162

12;100;16.629107236862183

3;1;0.0

3;2;0.0030930042266845703

3;3;0.003998994827270508

3;4;0.004999637603759766

3;5;0.004975080490112305

3;6;0.006000995635986328

3;7;0.008001327514648438

3;8;0.007998228073120117

3;9;0.010063886642456055

3;10;0.009081840515136719

3;11;0.010984182357788086

3;12;0.012001276016235352

3;13;0.012982606887817383

3;14;0.014283418655395508

3;15;0.014127254486083984

3;16;0.015969276428222656

3;17;0.018262147903442383

3;18;0.018043041229248047

3;19;0.019982576370239258

3;20;0.024984359741210938

3;21;0.02440786361694336

3;22;0.027093887329101562

3;23;0.033100128173828125

3;24;0.03130626678466797

3;25;0.03511476516723633

3;26;0.03498411178588867

3;27;0.042862892150878906

3;28;0.043071746826171875

3;29;0.03917193412780762

3;30;0.03513216972351074

3;31;0.04000043869018555

3;32;0.044991254806518555

3;33;0.050994157791137695

3;34;0.04200148582458496

3;35;0.04097747802734375

3;36;0.04751729965209961

3;37;0.05315208435058594

3;38;0.049028873443603516

3;39;0.04930520057678223

3;40;0.056093692779541016

3;41;0.06205606460571289

3;42;0.06304478645324707

3;43;0.05398964881896973

3;44;0.06698393821716309

3;45;0.06818485260009766

3;46;0.061122894287109375

3;47;0.06199336051940918

3;48;0.09002017974853516

3;49;0.07998013496398926

3;50;0.07321572303771973

3;55;0.08590054512023926

3;60;0.10012340545654297

3;65;0.08201956748962402

3;70;0.1187138557434082

3;75;0.10818982124328613

3;80;0.11941957473754883

3;85;0.14830660820007324

3;90;0.1670975685119629

3;95;0.1629810333251953

3;100;0.1997666358947754

4;1;0.0

4;2;0.00299835205078125

4;3;0.0030069351196289062

4;4;0.003998994827270508

4;5;0.004994869232177734

4;6;0.005992889404296875

4;7;0.007118701934814453

4;8;0.00749516487121582

4;9;0.006937503814697266

4;10;0.01006174087524414

4;11;0.015108346939086914

4;12;0.012000799179077148

4;13;0.013068437576293945

4;14;0.013133049011230469

4;15;0.01397705078125

4;16;0.015046119689941406

4;17;0.017112255096435547

4;18;0.01770806312561035

4;19;0.018314123153686523

4;20;0.025143146514892578

4;21;0.024324655532836914

4;22;0.028006553649902344

4;23;0.029996395111083984

4;24;0.02643609046936035

4;25;0.026140451431274414

4;26;0.030287981033325195

4;27;0.035149335861206055

4;28;0.0410006046295166

4;29;0.037671566009521484

4;30;0.03506278991699219

4;31;0.03627490997314453

4;32;0.03911471366882324

4;33;0.04798412322998047

4;34;0.052962303161621094

4;35;0.042107582092285156

4;36;0.04598188400268555

4;37;0.04999876022338867

4;38;0.06070065498352051

4;39;0.06303715705871582

4;40;0.055992841720581055

4;41;0.05400514602661133

4;42;0.06442093849182129

4;43;0.0701136589050293

4;44;0.06098341941833496

4;45;0.06469011306762695

4;46;0.07602238655090332

4;47;0.07482504844665527

4;48;0.0689849853515625

4;49;0.07335519790649414

4;50;0.08526492118835449

4;55;0.08517646789550781

4;60;0.11110806465148926

4;65;0.11211824417114258

4;70;0.12415480613708496

4;75;0.14309310913085938

4;80;0.16173243522644043

4;85;0.15450119972229004

4;90;0.18823909759521484

4;95;0.1923370361328125

4;100;0.22045040130615234

5;1;0.0029888153076171875

5;2;0.0030486583709716797

5;3;0.003998517990112305

5;4;0.005121469497680664

5;5;0.00509953498840332

5;6;0.005999326705932617

5;7;0.006047725677490234

5;8;0.008080244064331055

5;9;0.009023189544677734

5;10;0.010036945343017578

5;11;0.012105703353881836

5;12;0.011999130249023438

5;13;0.01300048828125

5;14;0.013002872467041016

5;15;0.01413106918334961

5;16;0.01510477066040039

5;17;0.01700568199157715

5;18;0.020061492919921875

5;19;0.020099878311157227

5;20;0.023975849151611328

5;21;0.026380538940429688

5;22;0.02825927734375

5;23;0.02815532684326172

5;24;0.026124000549316406

5;25;0.029980897903442383

5;26;0.02899932861328125

5;27;0.03700137138366699

5;28;0.03899431228637695

5;29;0.04002261161804199

5;30;0.037557363510131836

5;31;0.03809046745300293

5;32;0.04030179977416992

5;33;0.04920029640197754

5;34;0.05203580856323242

5;35;0.04465079307556152

5;36;0.049103498458862305

5;37;0.05200529098510742

5;38;0.06298041343688965

5;39;0.05851459503173828

5;40;0.05804157257080078

5;41;0.05798077583312988

5;42;0.06134152412414551

5;43;0.0700998306274414

5;44;0.06751894950866699

5;45;0.06511974334716797

5;46;0.07720661163330078

5;47;0.07211065292358398

5;48;0.07649087905883789

5;49;0.09110379219055176

5;50;0.07799911499023438

5;55;0.10751581192016602

5;60;0.10143876075744629

5;65;0.10919356346130371

5;70;0.13855504989624023

5;75;0.14222335815429688

5;80;0.14409518241882324

5;85;0.18240904808044434

5;90;0.1690225601196289

5;95;0.21149039268493652

5;100;0.19985032081604004

6;1;0.008005142211914062

6;2;0.0079803466796875

6;3;0.008127212524414062

6;4;0.008072137832641602

6;5;0.007997274398803711

6;6;0.009790420532226562

6;7;0.009912490844726562

6;8;0.011986494064331055

6;9;0.011906862258911133

6;10;0.01309061050415039

6;11;0.012917280197143555

6;12;0.01399993896484375

6;13;0.0149993896484375

6;14;0.016009092330932617

6;15;0.016996383666992188

6;16;0.018978118896484375

6;17;0.021182775497436523

6;18;0.024036645889282227

6;19;0.027072429656982422

6;20;0.027921676635742188

6;21;0.028453588485717773

6;22;0.027024507522583008

6;23;0.02800130844116211

6;24;0.0330042839050293

6;25;0.0379786491394043

6;26;0.04398632049560547

6;27;0.05100226402282715

6;28;0.05247688293457031

6;29;0.06246042251586914

6;30;0.0747373104095459

6;31;0.0641167163848877

6;32;0.055153608322143555

6;33;0.05908632278442383

6;34;0.05800151824951172

6;35;0.04898381233215332

6;36;0.05100536346435547

6;37;0.05299878120422363

6;38;0.06599950790405273

6;39;0.05951738357543945

6;40;0.05709433555603027

6;41;0.06464600563049316

6;42;0.07106161117553711

6;43;0.061242103576660156

6;44;0.06262850761413574

6;45;0.0781245231628418

6;46;0.07000041007995605

6;47;0.06986618041992188

6;48;0.0863192081451416

6;49;0.07212185859680176

6;50;0.07769393920898438

6;55;0.0941014289855957

6;60;0.09767580032348633

6;65;0.1289980411529541

6;70;0.1335430145263672

6;75;0.15252065658569336

6;80;0.15432953834533691

6;85;0.1740272045135498

6;90;0.1709892749786377

6;95;0.20473599433898926

6;100;0.2038712501525879

7;1;0.034023284912109375

7;2;0.022258996963500977

7;3;0.02618265151977539

7;4;0.020023822784423828

7;5;0.02100229263305664

7;6;0.019995689392089844

7;7;0.0181882381439209

7;8;0.019114255905151367

7;9;0.022931814193725586

7;10;0.0269925594329834

7;11;0.028141260147094727

7;12;0.025086402893066406

7;13;0.026987791061401367

7;14;0.027001619338989258

7;15;0.02500128746032715

7;16;0.02639913558959961

7;17;0.029114961624145508

7;18;0.03230094909667969

7;19;0.03710818290710449

7;20;0.033983469009399414

7;21;0.034008026123046875

7;22;0.032990217208862305

7;23;0.0369877815246582

7;24;0.04621148109436035

7;25;0.04459095001220703

7;26;0.043595075607299805

7;27;0.04514956474304199

7;28;0.0477447509765625

7;29;0.05509614944458008

7;30;0.05198073387145996

7;31;0.0509796142578125

7;32;0.05298423767089844

7;33;0.06200599670410156

7;34;0.0620114803314209

7;35;0.057599544525146484

7;36;0.06512284278869629

7;37;0.06697988510131836

7;38;0.06400036811828613

7;39;0.06300663948059082

7;40;0.07836151123046875

7;41;0.07306671142578125

7;42;0.07297968864440918

7;43;0.0710287094116211

7;44;0.0866701602935791

7;45;0.07614946365356445

7;46;0.0873100757598877

7;47;0.08443093299865723

7;48;0.0835866928100586

7;49;0.09504413604736328

7;50;0.08800315856933594

7;55;0.08807921409606934

7;60;0.13075709342956543

7;65;0.11973404884338379

7;70;0.14747047424316406

7;75;0.1538405418395996

7;80;0.18247056007385254

7;85;0.17878413200378418

7;90;0.21189284324645996

7;95;0.20417237281799316

7;100;0.24457502365112305

8;1;0.15322017669677734

8;2;0.07599878311157227

8;3;0.05913186073303223

8;4;0.05202317237854004

8;5;0.062001943588256836

8;6;0.06397581100463867

8;7;0.06600379943847656

8;8;0.05800747871398926

8;9;0.07100272178649902

8;10;0.0781397819519043

8;11;0.07610344886779785

8;12;0.0729823112487793

8;13;0.06998109817504883

8;14;0.07399106025695801

8;15;0.07217288017272949

8;16;0.07944941520690918

8;17;0.0786139965057373

8;18;0.07711315155029297

8;19;0.08000898361206055

8;20;0.0892946720123291

8;21;0.07655835151672363

8;22;0.0836477279663086

8;23;0.08527731895446777

8;24;0.08415389060974121

8;25;0.08672642707824707

8;26;0.0890343189239502

8;27;0.0839993953704834

8;28;0.09090161323547363

8;29;0.08408141136169434

8;30;0.08198094367980957

8;31;0.09003829956054688

8;32;0.09700894355773926

8;33;0.08495974540710449

8;34;0.10003209114074707

8;35;0.09201455116271973

8;36;0.09101104736328125

8;37;0.10672974586486816

8;38;0.09514546394348145

8;39;0.09697127342224121

8;40;0.11075210571289062

8;41;0.09913277626037598

8;42;0.09694957733154297

8;43;0.11212325096130371

8;44;0.10797667503356934

8;45;0.107208251953125

8;46;0.11707615852355957

8;47;0.11274313926696777

8;48;0.12511610984802246

8;49;0.1199495792388916

8;50;0.12305784225463867

8;55;0.13701510429382324

8;60;0.15259361267089844

8;65;0.17008018493652344

8;70;0.16255617141723633

8;75;0.20547199249267578

8;80;0.19987273216247559

8;85;0.21908116340637207

8;90;0.23299479484558105

8;95;0.247298002243042

8;100;0.24048352241516113

9;1;0.567192792892456

9;2;0.29046082496643066

9;3;0.23841643333435059

9;4;0.25524163246154785

9;5;0.2228856086730957

9;6;0.23421001434326172

9;7;0.2397620677947998

9;8;0.25916123390197754

9;9;0.3067460060119629

9;10;0.2675161361694336

9;11;0.24425649642944336

9;12;0.2650473117828369

9;13;0.24889016151428223

9;14;0.2499077320098877

9;15;0.2583785057067871

9;16;0.2541844844818115

9;17;0.2929258346557617

9;18;0.2577836513519287

9;19;0.2618701457977295

9;20;0.26720213890075684

9;21;0.2540011405944824

9;22;0.26303887367248535

9;23;0.2663261890411377

9;24;0.27289509773254395

9;25;0.2795736789703369

9;26;0.26028871536254883

9;27;0.268082857131958

9;28;0.26890039443969727

9;29;0.2651214599609375

9;30;0.26416015625

9;31;0.270111083984375

9;32;0.2841167449951172

9;33;0.2923572063446045

9;34;0.2819976806640625

9;35;0.2668447494506836

9;36;0.2758214473724365

9;37;0.27138853073120117

9;38;0.2966783046722412

9;39;0.2810835838317871

9;40;0.2833285331726074

9;41;0.2895176410675049

9;42;0.2986302375793457

9;43;0.29088544845581055

9;44;0.2761354446411133

9;45;0.29138851165771484

9;46;0.28402209281921387

9;47;0.3064255714416504

9;48;0.31365275382995605

9;49;0.2867448329925537

9;50;0.2987699508666992

9;55;0.32129669189453125

9;60;0.3337550163269043

9;65;0.317044734954834

9;70;0.31573033332824707

9;75;0.3266749382019043

9;80;0.34070873260498047

9;85;0.3442385196685791

9;90;0.36246347427368164

9;95;0.37569642066955566

9;100;0.3982830047607422

10;1;2.1940507888793945

10;2;1.2635293006896973

10;3;1.0904209613800049

10;4;1.105032205581665

10;5;0.9582765102386475

10;6;0.9464454650878906

10;7;0.9817070960998535

10;8;1.030400276184082

10;9;1.1733598709106445

10;10;1.0763087272644043

10;11;0.9726676940917969

10;12;1.0000989437103271

10;13;0.9631955623626709

10;14;0.9617278575897217

10;15;1.0387451648712158

10;16;0.9812860488891602

10;17;1.1486103534698486

10;18;1.0116779804229736

10;19;1.0431506633758545

10;20;0.9648423194885254

10;21;1.0008890628814697

10;22;1.00856351852417

10;23;0.9762411117553711

10;24;0.996514081954956

10;25;1.07908296585083

10;26;1.032231092453003

10;27;1.0140607357025146

10;28;1.0443339347839355

10;29;0.9588477611541748

10;30;1.026045560836792

10;31;1.0233995914459229

10;32;1.0022876262664795

10;33;1.0340075492858887

10;34;0.9758942127227783

10;35;1.0215644836425781

10;36;0.9887681007385254

10;37;1.074314832687378

10;38;0.9536452293395996

10;39;1.0422399044036865

10;40;1.0195579528808594

10;41;1.0080897808074951

10;42;0.99234938621521

10;43;1.0209968090057373

10;44;1.015514612197876

10;45;1.0434205532073975

10;46;1.0068514347076416

10;47;0.9900689125061035

10;48;1.0876286029815674

10;49;1.0838725566864014

10;50;1.082437515258789

10;55;0.9893317222595215

10;60;1.0709645748138428

10;65;1.1317355632781982

10;70;1.0415809154510498

10;75;1.0741899013519287

10;80;1.0950067043304443

10;85;1.0391647815704346

10;90;1.1380207538604736

10;95;1.0369863510131836

10;100;1.1178035736083984

11;1;8.395766735076904

11;2;5.301254510879517

11;3;4.77142333984375

11;4;4.24633526802063

11;5;3.9771640300750732

11;6;3.895036458969116

11;7;4.080138683319092

11;8;4.013899803161621

11;9;4.724084138870239

11;10;4.266381502151489

11;11;4.102665424346924

11;12;3.9817862510681152

11;13;4.187537908554077

11;14;3.961440324783325

11;15;3.9741992950439453

11;16;4.022887706756592

11;17;4.323230504989624

11;18;4.069638729095459

11;19;4.043717861175537

11;20;3.996448040008545

11;21;3.9560203552246094

11;22;3.9570693969726562

11;23;3.909816265106201

11;24;3.999490737915039

11;25;4.228663444519043

11;26;4.00353217124939

11;27;3.972900629043579

11;28;3.9514877796173096

11;29;3.9362621307373047

11;30;3.9014923572540283

11;31;3.9386115074157715

11;32;3.9166486263275146

11;33;4.089702844619751

11;34;3.9321107864379883

11;35;3.946140766143799

11;36;3.8821139335632324

11;37;3.937978982925415

11;38;3.8566956520080566

11;39;3.8998141288757324

11;40;3.8275482654571533

11;41;4.063727140426636

11;42;3.9302256107330322

11;43;4.060963869094849

11;44;3.9215519428253174

11;45;3.8992509841918945

11;46;3.87457275390625

11;47;3.98652982711792

11;48;4.122339963912964

11;49;4.066110610961914

11;50;3.993039131164551

11;55;3.930253267288208

11;60;3.944417715072632

11;65;4.0152740478515625

11;70;3.9050424098968506

11;75;3.9776594638824463

11;80;3.9610342979431152

11;85;4.044402599334717

11;90;4.104217767715454

11;95;3.982870578765869

11;100;4.050587177276611

12;1;34.0582857131958

12;2;21.878762245178223

12;3;17.796019792556763

12;4;17.035789966583252

12;5;16.420165061950684

12;6;16.33873677253723

12;7;16.157819986343384

12;8;16.880709409713745

12;9;18.786749601364136

12;10;18.04209542274475

12;11;17.275882482528687

12;12;17.082695960998535

12;13;16.436493158340454

12;14;16.163120985031128

12;15;16.330450296401978

12;16;16.150643825531006

12;17;17.355947732925415

12;18;16.68396306037903

12;19;16.41763472557068

12;20;16.105005264282227

12;21;16.118052005767822

12;22;16.16132426261902

12;23;16.019549131393433

12;24;16.322177410125732

12;25;16.97296953201294

12;26;16.523298025131226

12;27;16.513147592544556

12;28;16.503403186798096

12;29;16.373745918273926

12;30;16.330709218978882

12;31;16.490212202072144

12;32;16.91345238685608

12;33;17.200626134872437

12;34;16.97287940979004

12;35;16.975779056549072

12;36;16.751211643218994

12;37;16.76630473136902

12;38;16.517725706100464

12;39;16.513914346694946

12;40;16.441012382507324

12;41;16.76806879043579

12;42;17.130506992340088

12;43;16.948619604110718

12;44;16.489518404006958

12;45;15.952779293060303

12;46;16.03097677230835

12;47;16.029083728790283

12;48;16.17880082130432

12;49;16.64043617248535

12;50;16.48659658432007

12;55;16.2140691280365

12;60;16.392414093017578

12;65;17.013956546783447

12;70;16.97332501411438

12;75;18.424968004226685

12;80;16.630486488342285

12;85;16.62708282470703

12;90;16.7638840675354

12;95;17.008270978927612

12;100;17.018609762191772

3;1;0.0

3;2;0.0030922889709472656

3;3;0.0039942264556884766

3;4;0.005001544952392578

3;5;0.005997896194458008

3;6;0.006072282791137695

3;7;0.007092952728271484

3;8;0.007997989654541016

3;9;0.009054899215698242

3;10;0.009107351303100586

3;11;0.010997295379638672

3;12;0.012002944946289062

3;13;0.013996601104736328

3;14;0.014001846313476562

3;15;0.01613306999206543

3;16;0.01614832878112793

3;17;0.0169830322265625

3;18;0.019177675247192383

3;19;0.02208113670349121

3;20;0.024000167846679688

3;21;0.02799391746520996

3;22;0.03348803520202637

3;23;0.027978897094726562

3;24;0.028001070022583008

3;25;0.028012990951538086

3;26;0.029189586639404297

3;27;0.03808164596557617

3;28;0.03799891471862793

3;29;0.03999924659729004

3;30;0.03809928894042969

3;31;0.03801226615905762

3;32;0.045000553131103516

3;33;0.04799985885620117

3;34;0.04609560966491699

3;35;0.04299449920654297

3;36;0.04899954795837402

3;37;0.0566408634185791

3;38;0.05808901786804199

3;39;0.05198812484741211

3;40;0.05269908905029297

3;41;0.0570528507232666

3;42;0.06898617744445801

3;43;0.06001782417297363

3;44;0.06298828125

3;45;0.08734679222106934

3;46;0.07913565635681152

3;47;0.07190442085266113

3;48;0.07712316513061523

3;49;0.08508419990539551

3;50;0.08194136619567871

3;55;0.10620689392089844

3;60;0.10475826263427734

3;65;0.09208202362060547

3;70;0.1238255500793457

3;75;0.11414027214050293

3;80;0.12702393531799316

3;85;0.13497233390808105

3;90;0.1558394432067871

3;95;0.15931963920593262

3;100;0.2074594497680664

4;1;0.0009992122650146484

4;2;0.004059314727783203

4;3;0.004010677337646484

4;4;0.00397491455078125

4;5;0.0050356388092041016

4;6;0.005975246429443359

4;7;0.006999969482421875

4;8;0.006998538970947266

4;9;0.012001514434814453

4;10;0.009981632232666016

4;11;0.010997533798217773

4;12;0.011175155639648438

4;13;0.013099193572998047

4;14;0.014982938766479492

4;15;0.015283823013305664

4;16;0.017110824584960938

4;17;0.018076658248901367

4;18;0.01911759376525879

4;19;0.020985841751098633

4;20;0.027968883514404297

4;21;0.026020526885986328

4;22;0.027975797653198242

4;23;0.025997161865234375

4;24;0.026057958602905273

4;25;0.02509593963623047

4;26;0.027100563049316406

4;27;0.03514814376831055

4;28;0.03803110122680664

4;29;0.03918623924255371

4;30;0.03505730628967285

4;31;0.03599834442138672

4;32;0.041001319885253906

4;33;0.04570126533508301

4;34;0.051705360412597656

4;35;0.04965400695800781

4;36;0.04407453536987305

4;37;0.05000638961791992

4;38;0.06011795997619629

4;39;0.05694746971130371

4;40;0.05511164665222168

4;41;0.0630030632019043

4;42;0.07100129127502441

4;43;0.06598877906799316

4;44;0.06507563591003418

4;45;0.07833218574523926

4;46;0.07000184059143066

4;47;0.07098722457885742

4;48;0.07409381866455078

4;49;0.08714747428894043

4;50;0.07593417167663574

4;55;0.0974116325378418

4;60;0.10365867614746094

4;65;0.10905289649963379

4;70;0.1355576515197754

4;75;0.14638948440551758

4;80;0.14202022552490234

4;85;0.1870887279510498

4;90;0.17376947402954102

4;95;0.2134382724761963

4;100;0.198699951171875

5;1;0.0019969940185546875

5;2;0.004000425338745117

5;3;0.0039920806884765625

5;4;0.006098270416259766

5;5;0.0050847530364990234

5;6;0.007005453109741211

5;7;0.00710749626159668

5;8;0.008999347686767578

5;9;0.010208606719970703

5;10;0.010094404220581055

5;11;0.014004707336425781

5;12;0.015291690826416016

5;13;0.014153003692626953

5;14;0.014000892639160156

5;15;0.014971017837524414

5;16;0.017322301864624023

5;17;0.017148971557617188

5;18;0.018987417221069336

5;19;0.024169921875

5;20;0.024172544479370117

5;21;0.028133153915405273

5;22;0.02900075912475586

5;23;0.028430461883544922

5;24;0.030314207077026367

5;25;0.0289764404296875

5;26;0.03200483322143555

5;27;0.04070544242858887

5;28;0.03806948661804199

5;29;0.03824305534362793

5;30;0.03808903694152832

5;31;0.039995670318603516

5;32;0.04564189910888672

5;33;0.04909396171569824

5;34;0.044596195220947266

5;35;0.046126604080200195

5;36;0.058080196380615234

5;37;0.05610394477844238

5;38;0.05399894714355469

5;39;0.05099892616271973

5;40;0.05700230598449707

5;41;0.06821846961975098

5;42;0.06112504005432129

5;43;0.06098222732543945

5;44;0.08922696113586426

5;45;0.07815265655517578

5;46;0.07401728630065918

5;47;0.07401847839355469

5;48;0.08106637001037598

5;49;0.07100439071655273

5;50;0.07803225517272949

5;55;0.09296202659606934

5;60;0.09510493278503418

5;65;0.1339707374572754

5;70;0.13586044311523438

5;75;0.1721045970916748

5;80;0.1563248634338379

5;85;0.19261646270751953

5;90;0.20350933074951172

5;95;0.2240755558013916

5;100;0.2631847858428955

6;1;0.009108781814575195

6;2;0.009016275405883789

6;3;0.007001399993896484

6;4;0.00899505615234375

6;5;0.009992599487304688

6;6;0.007997512817382812

6;7;0.010020256042480469

6;8;0.011004924774169922

6;9;0.010997295379638672

6;10;0.011140823364257812

6;11;0.013104915618896484

6;12;0.013309001922607422

6;13;0.01475977897644043

6;14;0.016166210174560547

6;15;0.01798844337463379

6;16;0.01900196075439453

6;17;0.022974491119384766

6;18;0.02399897575378418

6;19;0.026008129119873047

6;20;0.028409719467163086

6;21;0.02608466148376465

6;22;0.025020837783813477

6;23;0.02710413932800293

6;24;0.028028249740600586

6;25;0.03127098083496094

6;26;0.036136627197265625

6;27;0.040999650955200195

6;28;0.03556466102600098

6;29;0.03535342216491699

6;30;0.03698086738586426

6;31;0.04498481750488281

6;32;0.04809880256652832

6;33;0.046471357345581055

6;34;0.04311800003051758

6;35;0.052666425704956055

6;36;0.057807207107543945

6;37;0.07407999038696289

6;38;0.05801701545715332

6;39;0.05595135688781738

6;40;0.06712174415588379

6;41;0.06600403785705566

6;42;0.05992293357849121

6;43;0.05845499038696289

6;44;0.07313704490661621

6;45;0.07394576072692871

6;46;0.06700325012207031

6;47;0.07489299774169922

6;48;0.0802164077758789

6;49;0.07912755012512207

6;50;0.08000993728637695

6;55;0.09515619277954102

6;60;0.10345292091369629

6;65;0.13045477867126465

6;70;0.14232611656188965

6;75;0.14006376266479492

6;80;0.17499947547912598

6;85;0.16676878929138184

6;90;0.20052433013916016

6;95;0.18511486053466797

6;100;0.22223377227783203

7;1;0.03719782829284668

7;2;0.022339344024658203

7;3;0.02449178695678711

7;4;0.015009164810180664

7;5;0.02047872543334961

7;6;0.018284082412719727

7;7;0.016965627670288086

7;8;0.01918768882751465

7;9;0.022351503372192383

7;10;0.024996042251586914

7;11;0.02690267562866211

7;12;0.024250268936157227

7;13;0.0270538330078125

7;14;0.024982690811157227

7;15;0.027296781539916992

7;16;0.030450105667114258

7;17;0.02905726432800293

7;18;0.03311657905578613

7;19;0.036125898361206055

7;20;0.0349886417388916

7;21;0.03468656539916992

7;22;0.03512454032897949

7;23;0.038976430892944336

7;24;0.04198336601257324

7;25;0.04598879814147949

7;26;0.043504953384399414

7;27;0.04240870475769043

7;28;0.04904961585998535

7;29;0.05450081825256348

7;30;0.0547635555267334

7;31;0.05111432075500488

7;32;0.05498647689819336

7;33;0.06099677085876465

7;34;0.05901598930358887

7;35;0.05954337120056152

7;36;0.06575846672058105

7;37;0.07410740852355957

7;38;0.06260538101196289

7;39;0.06597661972045898

7;40;0.07623028755187988

7;41;0.07240438461303711

7;42;0.07312560081481934

7;43;0.0834951400756836

7;44;0.07509446144104004

7;45;0.08405470848083496

7;46;0.09618067741394043

7;47;0.0841226577758789

7;48;0.09798908233642578

7;49;0.0978538990020752

7;50;0.08813118934631348

7;55;0.11903524398803711

7;60;0.10304975509643555

7;65;0.11775779724121094

7;70;0.14525103569030762

7;75;0.1681065559387207

7;80;0.16971611976623535

7;85;0.20592856407165527

7;90;0.18301796913146973

7;95;0.22672533988952637

7;100;0.22150039672851562

8;1;0.14622116088867188

8;2;0.08172965049743652

8;3;0.0711069107055664

8;4;0.0620725154876709

8;5;0.0569157600402832

8;6;0.06091737747192383

8;7;0.0614924430847168

8;8;0.06012320518493652

8;9;0.07304096221923828

8;10;0.07319068908691406

8;11;0.0750420093536377

8;12;0.07310032844543457

8;13;0.07013559341430664

8;14;0.07778382301330566

8;15;0.07104039192199707

8;16;0.08099770545959473

8;17;0.08331680297851562

8;18;0.07604742050170898

8;19;0.08398652076721191

8;20;0.08899188041687012

8;21;0.07997632026672363

8;22;0.08110761642456055

8;23;0.10544443130493164

8;24;0.08742642402648926

8;25;0.0890960693359375

8;26;0.08931374549865723

8;27;0.08333086967468262

8;28;0.09212160110473633

8;29;0.09300827980041504

8;30;0.08612990379333496

8;31;0.1051015853881836

8;32;0.11513757705688477

8;33;0.10226726531982422

8;34;0.10515403747558594

8;35;0.09699010848999023

8;36;0.10601639747619629

8;37;0.08799934387207031

8;38;0.1009817123413086

8;39;0.09187531471252441

8;40;0.0951228141784668

8;41;0.11712646484375

8;42;0.09712791442871094

8;43;0.0995781421661377

8;44;0.11214351654052734

8;45;0.10911178588867188

8;46;0.1329963207244873

8;47;0.12903404235839844

8;48;0.12408041954040527

8;49;0.12066364288330078

8;50;0.1375746726989746

8;55;0.14603161811828613

8;60;0.1430833339691162

8;65;0.1783280372619629

8;70;0.17712736129760742

8;75;0.20723557472229004

8;80;0.1866445541381836

8;85;0.23121023178100586

8;90;0.22028565406799316

8;95;0.24503183364868164

8;100;0.25420618057250977

9;1;0.5820915699005127

9;2;0.2974820137023926

9;3;0.26436424255371094

9;4;0.24596524238586426

9;5;0.23528361320495605

9;6;0.2528228759765625

9;7;0.24113893508911133

9;8;0.29342198371887207

9;9;0.3166337013244629

9;10;0.262814998626709

9;11;0.24709773063659668

9;12;0.2504761219024658

9;13;0.24904704093933105

9;14;0.24959802627563477

9;15;0.26265740394592285

9;16;0.26489830017089844

9;17;0.2994384765625

9;18;0.2663300037384033

9;19;0.2660062313079834

9;20;0.2740793228149414

9;21;0.31339097023010254

9;22;0.25840020179748535

9;23;0.2982327938079834

9;24;0.28002333641052246

9;25;0.27499914169311523

9;26;0.2712264060974121

9;27;0.27698636054992676

9;28;0.30837249755859375

9;29;0.3102900981903076

9;30;0.3058159351348877

9;31;0.3113703727722168

9;32;0.32910895347595215

9;33;0.3270900249481201

9;34;0.30845069885253906

9;35;0.2983856201171875

9;36;0.3038911819458008

9;37;0.28176403045654297

9;38;0.27756762504577637

9;39;0.2878744602203369

9;40;0.28925251960754395

9;41;0.2885284423828125

9;42;0.2971324920654297

9;43;0.295849084854126

9;44;0.3011174201965332

9;45;0.29010891914367676

9;46;0.29451918601989746

9;47;0.2968261241912842

9;48;0.30475783348083496

9;49;0.3029050827026367

9;50;0.29862356185913086

9;55;0.3031504154205322

9;60;0.34101438522338867

9;65;0.3171236515045166

9;70;0.3080921173095703

9;75;0.31697964668273926

9;80;0.33075451850891113

9;85;0.36792516708374023

9;90;0.3669259548187256

9;95;0.3650321960449219

9;100;0.4044811725616455

10;1;2.1940784454345703

10;2;1.2494289875030518

10;3;1.0114037990570068

10;4;1.002718448638916

10;5;0.9237833023071289

10;6;0.9318149089813232

10;7;1.0135834217071533

10;8;0.9302270412445068

10;9;1.1971898078918457

10;10;1.0094249248504639

10;11;1.0084707736968994

10;12;0.9840652942657471

10;13;0.988807201385498

10;14;0.9394557476043701

10;15;0.9484913349151611

10;16;0.9940476417541504

10;17;1.1210651397705078

10;18;0.9752216339111328

10;19;1.0395841598510742

10;20;0.9716613292694092

10;21;0.9313340187072754

10;22;0.9544398784637451

10;23;0.996734619140625

10;24;0.9783291816711426

10;25;1.0430371761322021

10;26;0.9832510948181152

10;27;0.9846596717834473

10;28;1.0078387260437012

10;29;0.9653196334838867

10;30;1.0108606815338135

10;31;0.9839181900024414

10;32;1.0223352909088135

10;33;1.046198844909668

10;34;0.9973509311676025

10;35;0.9802489280700684

10;36;1.0180816650390625

10;37;0.9928898811340332

10;38;1.0092582702636719

10;39;0.9825940132141113

10;40;1.0114319324493408

10;41;1.0266292095184326

10;42;1.0384259223937988

10;43;1.042851209640503

10;44;1.0258285999298096

10;45;0.9669175148010254

10;46;0.9852962493896484

10;47;1.077622413635254

10;48;1.007352352142334

10;49;1.0256454944610596

10;50;1.0018436908721924

10;55;0.9756605625152588

10;60;0.9904983043670654

10;65;1.0486602783203125

10;70;0.9971423149108887

10;75;1.1098668575286865

10;80;1.0161116123199463

10;85;1.0506508350372314

10;90;1.0213537216186523

10;95;1.1222105026245117

10;100;1.0827276706695557

11;1;8.326249599456787

11;2;5.184103965759277

11;3;4.296046257019043

11;4;3.868882179260254

11;5;3.8065133094787598

11;6;3.830576181411743

11;7;3.856156349182129

11;8;4.042601585388184

11;9;4.545222997665405

11;10;4.1848626136779785

11;11;4.037763833999634

11;12;3.992743492126465

11;13;3.9652340412139893

11;14;3.871281862258911

11;15;4.129961967468262

11;16;4.172656536102295

11;17;4.3108909130096436

11;18;4.085924386978149

11;19;4.0266430377960205

11;20;4.030958414077759

11;21;4.05276083946228

11;22;3.935417413711548

11;23;3.987062454223633

11;24;4.010278940200806

11;25;4.274553298950195

11;26;4.06028413772583

11;27;4.099535942077637

11;28;4.030728340148926

11;29;4.069364786148071

11;30;4.043755769729614

11;31;4.104040145874023

11;32;4.082310914993286

11;33;4.271669149398804

11;34;4.184462070465088

11;35;4.089247703552246

11;36;4.140682935714722

11;37;4.113815784454346

11;38;4.067218780517578

11;39;4.0167930126190186

11;40;4.129471063613892

11;41;4.36804461479187

11;42;4.084465265274048

11;43;4.203634977340698

11;44;4.1090312004089355

11;45;4.1229777336120605

11;46;4.028295516967773

11;47;4.026984214782715

11;48;4.119868516921997

11;49;4.156617164611816

11;50;4.041704177856445

11;55;3.989095687866211

11;60;4.080615758895874

11;65;4.071408033370972

11;70;3.9974334239959717

11;75;4.01336932182312

11;80;4.0425004959106445

11;85;4.035929203033447

11;90;4.088290452957153

11;95;4.049002647399902

11;100;4.100184679031372

12;1;33.947932958602905

12;2;21.464130878448486

12;3;19.912742853164673

12;4;17.251033782958984

12;5;15.82336711883545

12;6;15.73034954071045

12;7;15.862793207168579

12;8;16.24407458305359

12;9;18.463085651397705

12;10;17.536266803741455

12;11;18.107842445373535

12;12;17.257357358932495

12;13;16.62648034095764

12;14;16.44693112373352

12;15;16.375301837921143

12;16;16.635051250457764

12;17;18.01110315322876

12;18;17.407613277435303

12;19;17.221508026123047

12;20;16.60492968559265

12;21;16.521852254867554

12;22;16.287636280059814

12;23;16.214970111846924

12;24;16.831411600112915

12;25;16.757585287094116

12;26;16.38484764099121

12;27;16.29179883003235

12;28;16.39943265914917

12;29;16.425998210906982

12;30;16.26047682762146

12;31;16.106285095214844

12;32;16.37786078453064

12;33;16.896448612213135

12;34;16.937176942825317

12;35;16.57536482810974

12;36;16.61540198326111

12;37;16.480809688568115

12;38;16.91562271118164

12;39;16.27167320251465

12;40;16.35090470314026

12;41;16.519423007965088

12;42;16.27662467956543

12;43;16.082512617111206

12;44;15.992390394210815

12;45;15.584861278533936

12;46;15.631961822509766

12;47;15.446995258331299

12;48;15.904148578643799

12;49;16.0524160861969

12;50;15.662417888641357

12;55;15.505734920501709

12;60;15.739020109176636

12;65;16.224512100219727

12;70;15.883044719696045

12;75;15.965681076049805

12;80;15.763240814208984

12;85;15.953132152557373

12;90;16.061987161636353

12;95;15.822774887084961

12;100;16.003838300704956

3;1;0.0010075569152832031

3;2;0.0030395984649658203

3;3;0.003999471664428711

3;4;0.0039958953857421875

3;5;0.005052328109741211

3;6;0.00608515739440918

3;7;0.005979061126708984

3;8;0.007996559143066406

3;9;0.00900125503540039

3;10;0.010000944137573242

3;11;0.009987115859985352

3;12;0.011982440948486328

3;13;0.012981414794921875

3;14;0.012975215911865234

3;15;0.015048980712890625

3;16;0.015978574752807617

3;17;0.01798081398010254

3;18;0.01800990104675293

3;19;0.01797962188720703

3;20;0.020379304885864258

3;21;0.026120901107788086

3;22;0.029091358184814453

3;23;0.028995513916015625

3;24;0.02697920799255371

3;25;0.027115583419799805

3;26;0.027155637741088867

3;27;0.03610634803771973

3;28;0.03700828552246094

3;29;0.04301643371582031

3;30;0.03754234313964844

3;31;0.03811788558959961

3;32;0.03598332405090332

3;33;0.047983407974243164

3;34;0.0535430908203125

3;35;0.04204845428466797

3;36;0.04599905014038086

3;37;0.04597592353820801

3;38;0.05352187156677246

3;39;0.0531308650970459

3;40;0.05399274826049805

3;41;0.05486774444580078

3;42;0.05910515785217285

3;43;0.06574487686157227

3;44;0.06871533393859863

3;45;0.07231616973876953

3;46;0.07054734230041504

3;47;0.0716397762298584

3;48;0.07166290283203125

3;49;0.08313560485839844

3;50;0.07001757621765137

3;55;0.07701849937438965

3;60;0.09714055061340332

3;65;0.08107256889343262

3;70;0.11300206184387207

3;75;0.1063389778137207

3;80;0.11699771881103516

3;85;0.14055347442626953

3;90;0.1743936538696289

3;95;0.16315150260925293

3;100;0.19199895858764648

4;1;0.0010006427764892578

4;2;0.0029795169830322266

4;3;0.00402069091796875

4;4;0.004980325698852539

4;5;0.005001068115234375

4;6;0.005017995834350586

4;7;0.005988121032714844

4;8;0.007000923156738281

4;9;0.007978439331054688

4;10;0.009000539779663086

4;11;0.009999752044677734

4;12;0.010059595108032227

4;13;0.01203012466430664

4;14;0.012003660202026367

4;15;0.014156341552734375

4;16;0.015023231506347656

4;17;0.017055988311767578

4;18;0.017008066177368164

4;19;0.016981840133666992

4;20;0.0211331844329834

4;21;0.02412247657775879

4;22;0.026000499725341797

4;23;0.02640676498413086

4;24;0.029215097427368164

4;25;0.028079509735107422

4;26;0.0280001163482666

4;27;0.0279998779296875

4;28;0.03661680221557617

4;29;0.04128384590148926

4;30;0.04210162162780762

4;31;0.03999733924865723

4;32;0.04257369041442871

4;33;0.040985107421875

4;34;0.04999494552612305

4;35;0.051885128021240234

4;36;0.04837632179260254

4;37;0.046338796615600586

4;38;0.052095651626586914

4;39;0.05696463584899902

4;40;0.0550684928894043

4;41;0.05606818199157715

4;42;0.05765724182128906

4;43;0.06808710098266602

4;44;0.06002306938171387

4;45;0.06113457679748535

4;46;0.07799983024597168

4;47;0.0681307315826416

4;48;0.06514286994934082

4;49;0.0660247802734375

4;50;0.08397912979125977

4;55;0.08546328544616699

4;60;0.08912324905395508

4;65;0.12298083305358887

4;70;0.11473655700683594

4;75;0.1300492286682129

4;80;0.14608979225158691

4;85;0.17151093482971191

4;90;0.16514277458190918

4;95;0.2006223201751709

4;100;0.19213604927062988

5;1;0.001995563507080078

5;2;0.003983736038208008

5;3;0.004038095474243164

5;4;0.005002498626708984

5;5;0.006064414978027344

5;6;0.0070874691009521484

5;7;0.008000373840332031

5;8;0.00900125503540039

5;9;0.009239673614501953

5;10;0.011110305786132812

5;11;0.01198267936706543

5;12;0.012966394424438477

5;13;0.01430201530456543

5;14;0.01410675048828125

5;15;0.015041589736938477

5;16;0.018103837966918945

5;17;0.016978740692138672

5;18;0.01815342903137207

5;19;0.02008366584777832

5;20;0.024291515350341797

5;21;0.026103734970092773

5;22;0.026378393173217773

5;23;0.028111934661865234

5;24;0.028002262115478516

5;25;0.0289762020111084

5;26;0.027364253997802734

5;27;0.039115190505981445

5;28;0.04099225997924805

5;29;0.039586782455444336

5;30;0.03611588478088379

5;31;0.039978742599487305

5;32;0.03798079490661621

5;33;0.04666733741760254

5;34;0.05112934112548828

5;35;0.04597783088684082

5;36;0.047814369201660156

5;37;0.051047563552856445

5;38;0.05963563919067383

5;39;0.05732440948486328

5;40;0.05710101127624512

5;41;0.05898618698120117

5;42;0.06899333000183105

5;43;0.06199955940246582

5;44;0.06216597557067871

5;45;0.07312846183776855

5;46;0.07848954200744629

5;47;0.06508660316467285

5;48;0.06941509246826172

5;49;0.08597874641418457

5;50;0.07487869262695312

5;55;0.09696459770202637

5;60;0.10218429565429688

5;65;0.10351800918579102

5;70;0.13475489616394043

5;75;0.13953137397766113

5;80;0.1461925506591797

5;85;0.1792905330657959

5;90;0.16906976699829102

5;95;0.20499181747436523

5;100;0.18764972686767578

6;1;0.010998249053955078

6;2;0.006983041763305664

6;3;0.007998943328857422

6;4;0.008999347686767578

6;5;0.008002996444702148

6;6;0.010000944137573242

6;7;0.009975910186767578

6;8;0.010001897811889648

6;9;0.010992765426635742

6;10;0.013000965118408203

6;11;0.01400136947631836

6;12;0.013127326965332031

6;13;0.014921903610229492

6;14;0.016001462936401367

6;15;0.01696181297302246

6;16;0.019035816192626953

6;17;0.02138233184814453

6;18;0.02328038215637207

6;19;0.02692103385925293

6;20;0.03099966049194336

6;21;0.03099989891052246

6;22;0.029018640518188477

6;23;0.03197479248046875

6;24;0.030979156494140625

6;25;0.036008596420288086

6;26;0.037652015686035156

6;27;0.0390629768371582

6;28;0.0382845401763916

6;29;0.042108774185180664

6;30;0.04742026329040527

6;31;0.047119140625

6;32;0.04299044609069824

6;33;0.041982412338256836

6;34;0.0413203239440918

6;35;0.0479736328125

6;36;0.05499696731567383

6;37;0.05505180358886719

6;38;0.0525050163269043

6;39;0.05310320854187012

6;40;0.0629279613494873

6;41;0.060141801834106445

6;42;0.0582730770111084

6;43;0.06598377227783203

6;44;0.07499837875366211

6;45;0.06805801391601562

6;46;0.06713414192199707

6;47;0.0861043930053711

6;48;0.07301759719848633

6;49;0.07851457595825195

6;50;0.0871131420135498

6;55;0.08491230010986328

6;60;0.10730981826782227

6;65;0.11099720001220703

6;70;0.12333416938781738

6;75;0.1473846435546875

6;80;0.18086862564086914

6;85;0.15569138526916504

6;90;0.18341326713562012

6;95;0.18507170677185059

6;100;0.2197887897491455

7;1;0.03409981727600098

7;2;0.019997119903564453

7;3;0.0169217586517334

7;4;0.024919509887695312

7;5;0.018267154693603516

7;6;0.01699542999267578

7;7;0.01692032814025879

7;8;0.016999244689941406

7;9;0.018999814987182617

7;10;0.022914886474609375

7;11;0.024996280670166016

7;12;0.025075197219848633

7;13;0.024099111557006836

7;14;0.026073932647705078

7;15;0.025151729583740234

7;16;0.02578568458557129

7;17;0.026009082794189453

7;18;0.02797842025756836

7;19;0.03602457046508789

7;20;0.035017967224121094

7;21;0.035607099533081055

7;22;0.03411269187927246

7;23;0.03297567367553711

7;24;0.03702068328857422

7;25;0.05350756645202637

7;26;0.05212712287902832

7;27;0.04800009727478027

7;28;0.04899883270263672

7;29;0.054764747619628906

7;30;0.05312514305114746

7;31;0.04608511924743652

7;32;0.04809117317199707

7;33;0.05799555778503418

7;34;0.05598092079162598

7;35;0.05022883415222168

7;36;0.05756330490112305

7;37;0.06773090362548828

7;38;0.058037757873535156

7;39;0.06307530403137207

7;40;0.07345843315124512

7;41;0.0702352523803711

7;42;0.06709027290344238

7;43;0.07058143615722656

7;44;0.10303735733032227

7;45;0.07781243324279785

7;46;0.08616375923156738

7;47;0.08301591873168945

7;48;0.0711057186126709

7;49;0.09024405479431152

7;50;0.08589553833007812

7;55;0.08597755432128906

7;60;0.11710953712463379

7;65;0.12098932266235352

7;70;0.1425931453704834

7;75;0.14455556869506836

7;80;0.17708945274353027

7;85;0.17261767387390137

7;90;0.20207619667053223

7;95;0.18819975852966309

7;100;0.2400684356689453

8;1;0.13407087326049805

8;2;0.07899618148803711

8;3;0.062039852142333984

8;4;0.0695953369140625

8;5;0.048304080963134766

8;6;0.06100320816040039

8;7;0.05899858474731445

8;8;0.05554699897766113

8;9;0.0690302848815918

8;10;0.06798362731933594

8;11;0.08450531959533691

8;12;0.07197833061218262

8;13;0.07162094116210938

8;14;0.07190465927124023

8;15;0.06607484817504883

8;16;0.06769371032714844

8;17;0.08663797378540039

8;18;0.07610225677490234

8;19;0.08031749725341797

8;20;0.08142971992492676

8;21;0.07073736190795898

8;22;0.07397985458374023

8;23;0.08599591255187988

8;24;0.07998275756835938

8;25;0.08287596702575684

8;26;0.0850059986114502

8;27;0.0789804458618164

8;28;0.08551502227783203

8;29;0.0850982666015625

8;30;0.08109664916992188

8;31;0.08817481994628906

8;32;0.09900212287902832

8;33;0.08402085304260254

8;34;0.0913851261138916

8;35;0.088623046875

8;36;0.08857297897338867

8;37;0.10168862342834473

8;38;0.09602117538452148

8;39;0.09211039543151855

8;40;0.10266900062561035

8;41;0.0960688591003418

8;42;0.0951535701751709

8;43;0.10702872276306152

8;44;0.0980234146118164

8;45;0.09900546073913574

8;46;0.1139826774597168

8;47;0.10547757148742676

8;48;0.12071490287780762

8;49;0.11802315711975098

8;50;0.12453413009643555

8;55;0.1340630054473877

8;60;0.13999581336975098

8;65;0.1638798713684082

8;70;0.16302204132080078

8;75;0.18959832191467285

8;80;0.18520689010620117

8;85;0.21264362335205078

8;90;0.20700407028198242

8;95;0.2389662265777588

8;100;0.2445201873779297

9;1;0.550614595413208

9;2;0.27902746200561523

9;3;0.24001836776733398

9;4;0.24878478050231934

9;5;0.21560049057006836

9;6;0.24819064140319824

9;7;0.22245073318481445

9;8;0.24407625198364258

9;9;0.29331350326538086

9;10;0.27039623260498047

9;11;0.229522705078125

9;12;0.23417282104492188

9;13;0.25154995918273926

9;14;0.23610877990722656

9;15;0.24596166610717773

9;16;0.2485213279724121

9;17;0.2714354991912842

9;18;0.25273656845092773

9;19;0.25807976722717285

9;20;0.2711470127105713

9;21;0.24185943603515625

9;22;0.25914883613586426

9;23;0.2506709098815918

9;24;0.2584998607635498

9;25;0.2722163200378418

9;26;0.2563633918762207

9;27;0.27220964431762695

9;28;0.2627601623535156

9;29;0.2709801197052002

9;30;0.2791314125061035

9;31;0.2868678569793701

9;32;0.2731335163116455

9;33;0.2828342914581299

9;34;0.30076146125793457

9;35;0.28821325302124023

9;36;0.28643798828125

9;37;0.29388976097106934

9;38;0.28356075286865234

9;39;0.2963995933532715

9;40;0.3193507194519043

9;41;0.30011749267578125

9;42;0.3093838691711426

9;43;0.27924656867980957

9;44;0.2741231918334961

9;45;0.27864694595336914

9;46;0.2797565460205078

9;47;0.2890889644622803

9;48;0.27855587005615234

9;49;0.2944765090942383

9;50;0.2812788486480713

9;55;0.2747499942779541

9;60;0.3002963066101074

9;65;0.29206347465515137

9;70;0.30017828941345215

9;75;0.30396604537963867

9;80;0.3237781524658203

9;85;0.33413267135620117

9;90;0.3455948829650879

9;95;0.36903834342956543

9;100;0.3731663227081299

10;1;2.0942041873931885

10;2;1.2328941822052002

10;3;1.0479841232299805

10;4;0.9575855731964111

10;5;0.9403126239776611

10;6;0.8663558959960938

10;7;0.8968966007232666

10;8;0.9246654510498047

10;9;1.1318461894989014

10;10;1.0085630416870117

10;11;0.9447445869445801

10;12;1.005779504776001

10;13;0.9250576496124268

10;14;0.907447338104248

10;15;0.9618151187896729

10;16;0.9425714015960693

10;17;1.062293291091919

10;18;0.9594969749450684

10;19;0.9498178958892822

10;20;0.9572362899780273

10;21;0.93318772315979

10;22;0.9636180400848389

10;23;1.0605287551879883

10;24;0.9288315773010254

10;25;1.0788238048553467

10;26;0.9853153228759766

10;27;0.9708576202392578

10;28;0.9516758918762207

10;29;0.9754996299743652

10;30;0.9885575771331787

10;31;0.9534213542938232

10;32;0.9332549571990967

10;33;1.023836612701416

10;34;1.0402538776397705

10;35;0.981276273727417

10;36;0.9638941287994385

10;37;0.94923996925354

10;38;0.968472957611084

10;39;0.9951291084289551

10;40;0.9886963367462158

10;41;1.0152807235717773

10;42;0.9776692390441895

10;43;0.9702785015106201

10;44;1.0067243576049805

10;45;0.9927542209625244

10;46;0.9906024932861328

10;47;0.9881408214569092

10;48;1.0015485286712646

10;49;0.987046480178833

10;50;1.030578374862671

10;55;0.9690694808959961

10;60;1.007685899734497

10;65;1.0934224128723145

10;70;1.0050179958343506

10;75;1.067443609237671

10;80;1.0765674114227295

10;85;1.0515241622924805

10;90;1.0330734252929688

10;95;1.0412876605987549

10;100;1.0301294326782227

11;1;8.267812967300415

11;2;5.1625683307647705

11;3;4.10890531539917

11;4;4.2885658740997314

11;5;4.031542062759399

11;6;3.7685225009918213

11;7;3.9029369354248047

11;8;3.9236085414886475

11;9;4.495423793792725

11;10;4.2114622592926025

11;11;4.015320062637329

11;12;3.978430986404419

11;13;3.9191765785217285

11;14;3.8259544372558594

11;15;4.000833034515381

11;16;3.942779064178467

11;17;4.314900636672974

11;18;4.024937868118286

11;19;3.936819076538086

11;20;3.9163711071014404

11;21;3.9148662090301514

11;22;3.865846633911133

11;23;3.869743585586548

11;24;3.8538637161254883

11;25;4.1523756980896

11;26;3.9424641132354736

11;27;3.8821394443511963

11;28;3.9077372550964355

11;29;3.7806901931762695

11;30;3.866424798965454

11;31;3.813838005065918

11;32;3.9969656467437744

11;33;3.994149923324585

11;34;3.906613349914551

11;35;3.894458055496216

11;36;3.928208112716675

11;37;3.865997791290283

11;38;3.8538410663604736

11;39;3.847036838531494

11;40;3.870542526245117

11;41;4.097020387649536

11;42;3.9176480770111084

11;43;3.923027515411377

11;44;3.8794503211975098

11;45;3.867403984069824

11;46;3.871347665786743

11;47;4.125325918197632

11;48;3.941361427307129

11;49;4.1723198890686035

11;50;4.006901979446411

11;55;3.8933088779449463

11;60;3.980646848678589

11;65;4.019895553588867

11;70;3.9123311042785645

11;75;3.979865789413452

11;80;4.067684173583984

11;85;3.9579684734344482

11;90;4.008368968963623

11;95;3.968311309814453

11;100;3.996262788772583

12;1;34.3788800239563

12;2;21.855441093444824

12;3;18.06649351119995

12;4;16.62436819076538

12;5;16.127455949783325

12;6;15.789697647094727

12;7;15.414101362228394

12;8;16.001190900802612

12;9;18.134244203567505

12;10;17.320494413375854

12;11;16.767904043197632

12;12;16.43839716911316

12;13;16.00248622894287

12;14;15.913415670394897

12;15;16.06686806678772

12;16;16.27607560157776

12;17;17.895127534866333

12;18;17.095322132110596

12;19;16.725301027297974

12;20;16.51497507095337

12;21;16.44895029067993

12;22;16.458916902542114

12;23;16.050973653793335

12;24;16.348853588104248

12;25;16.863813877105713

12;26;16.31639337539673

12;27;15.952648401260376

12;28;15.87907099723816

12;29;15.726975440979004

12;30;15.787955284118652

12;31;15.790923357009888

12;32;15.816525936126709

12;33;16.588032484054565

12;34;16.23358392715454

12;35;16.202531099319458

12;36;16.39697027206421

12;37;16.059563159942627

12;38;16.035174131393433

12;39;16.07014536857605

12;40;16.22329568862915

12;41;17.037381172180176

12;42;16.53927969932556

12;43;16.439216375350952

12;44;16.564178705215454

12;45;16.409729719161987

12;46;16.362557649612427

12;47;16.336970806121826

12;48;16.480282068252563

12;49;16.656882286071777

12;50;16.56715440750122

12;55;16.100529432296753

12;60;16.259932279586792

12;65;16.858453273773193

12;70;16.22730541229248

12;75;16.717355251312256

12;80;16.419156312942505

12;85;16.5267653465271

12;90;16.550860166549683

12;95;16.527341842651367

12;100;16.702922821044922


